claim,image_path
FDA approves the first CRISPR-based treatment for hereditary blindness.,generated_images/event_1.jpg
Clinical trials for a universal influenza vaccine enter Phase III.,generated_images/event_2.jpg
Breakthrough in lab-grown heart tissue shows successful integration in porcine models.,generated_images/event_3.jpg
First human trial of a Neuralink-style interface for treating Parkinson's tremors.,generated_images/event_4.jpg
Global health summit declares a new super-fungus as a priority health threat.,generated_images/event_5.jpg
Successful birth of a northern white rhino via in-vitro fertilization.,generated_images/event_6.jpg
Study finds significant cognitive recovery in stroke patients using VR therapy.,generated_images/event_7.jpg
WHO approves a single-dose malaria vaccine for sub-Saharan Africa.,generated_images/event_8.jpg
Researchers develop a blood test that detects 50 types of cancer simultaneously.,generated_images/event_9.jpg
Gene therapy restores hearing in children with congenital deafness.,generated_images/event_10.jpg
New antibiotic discovered in soil bacteria defeats drug-resistant tuberculosis.,generated_images/event_11.jpg
mRNA vaccine platform adapted to target aggressive pancreatic cancer.,generated_images/event_12.jpg
Scientists grow functional kidney organoids from human stem cells.,generated_images/event_13.jpg
Clinical trial shows Alzheimer's drug slows cognitive decline by 45%.,generated_images/event_14.jpg
Genetically engineered mosquitoes reduce malaria cases by 90% in Burkina Faso.,generated_images/event_15.jpg
Lab-grown corneas restore sight in 20 blind patients in Sweden.,generated_images/event_16.jpg
Biomarker panel in saliva detected early-stage lung cancer with 94% accuracy.,generated_images/event_17.jpg
First pig-to-human heart transplant patient survives beyond one year.,generated_images/event_18.jpg
AI diagnostic tool outperforms radiologists in detecting breast cancer.,generated_images/event_19.jpg
New class of antibiotics defeats MRSA without harming gut microbiome.,generated_images/event_20.jpg
Researchers implant a lab-grown trachea in a ten-year-old patient.,generated_images/event_21.jpg
Scientists identify gene variant that grants near-immunity to HIV.,generated_images/event_22.jpg
Nanoparticle drug delivery system eliminates glioblastoma tumors in mice.,generated_images/event_23.jpg
First FDA-cleared at-home diagnostic for early Parkinson's disease.,generated_images/event_24.jpg
Wearable device predicts epileptic seizures 30 minutes in advance.,generated_images/event_25.jpg
Gut microbiome transplant shows 70% remission rate in Crohn's disease.,generated_images/event_26.jpg
Researchers link chronic sleep deprivation to accelerated brain atrophy.,generated_images/event_27.jpg
Synthetic blood substitute passes safety trials in trauma patients.,generated_images/event_28.jpg
Personalized cancer vaccine triggers immune response in 95% of recipients.,generated_images/event_29.jpg
Scientists reverse aging markers in mice by reprogramming skin cells.,generated_images/event_30.jpg
New study links excessive screen time to myopia epidemic in children.,generated_images/event_31.jpg
Childhood obesity linked to a specific gut microbiome imbalance.,generated_images/event_32.jpg
First robotic surgery performed autonomously without human intervention.,generated_images/event_33.jpg
Drug trial shows 80% reduction in migraine frequency with monthly injection.,generated_images/event_34.jpg
Researchers identify protein that prevents metastasis in breast cancer.,generated_images/event_35.jpg
Universal antivenom developed using synthetic antibodies.,generated_images/event_36.jpg
Study reveals that intermittent fasting reshapes the immune system.,generated_images/event_37.jpg
Bioengineered skin with functional nerve endings created for burn victims.,generated_images/event_38.jpg
WHO declares end of mpox outbreak after vaccine rollout in 40 countries.,generated_images/event_39.jpg
Scientists discover a hormone that blocks fat storage in mammals.,generated_images/event_40.jpg
Liquid biopsy detects colorectal cancer recurrence months before imaging.,generated_images/event_41.jpg
New study links microplastic consumption to accelerated cellular aging.,generated_images/event_42.jpg
Researchers map all 86 billion neurons of a mouse brain in 3D.,generated_images/event_43.jpg
First oral drug approved for postpartum depression shows rapid relief.,generated_images/event_44.jpg
Telehealth expansion linked to 30% drop in emergency room visits.,generated_images/event_45.jpg
Scientists grow functional lung tissue in a bioreactor for transplantation.,generated_images/event_46.jpg
Anti-aging drug rapamycin extends healthy lifespan in primates.,generated_images/event_47.jpg
New protein structure found to be the master switch for inflammation.,generated_images/event_48.jpg
Researchers use epigenetic clock to predict biological age from a blood drop.,generated_images/event_49.jpg
First approved gene therapy for sickle cell disease eliminates symptoms.,generated_images/event_50.jpg
Mass vaccination campaign eradicates polio from the last two endemic nations.,generated_images/event_51.jpg
Lab-grown meat passes first regulatory food-safety review in the EU.,generated_images/event_52.jpg
Scientists identify a bacterial species that produces natural insulin.,generated_images/event_53.jpg
Study shows psychedelic-assisted therapy outperforms SSRIs for PTSD.,generated_images/event_54.jpg
Researchers use CRISPR to eliminate HIV from latently infected cells.,generated_images/event_55.jpg
New vaccine for respiratory syncytial virus approved for infants.,generated_images/event_56.jpg
AI model predicts drug interactions with 97% accuracy.,generated_images/event_57.jpg
Scientists implant a memory chip in a rat that enhances recall by 40%.,generated_images/event_58.jpg
Study links ultra-processed food consumption to 10-year reduction in lifespan.,generated_images/event_59.jpg
Researchers develop a patch that delivers insulin through the skin.,generated_images/event_60.jpg
First fully synthetic organism with 473-gene minimal genome reproduces.,generated_images/event_61.jpg
Nasal spray vaccine for COVID-19 variants shows 98% mucosal immunity.,generated_images/event_62.jpg
Gene editing corrects muscular dystrophy in a canine model.,generated_images/event_63.jpg
Researchers discover a protein that regrows severed spinal cord connections.,generated_images/event_64.jpg
New study finds coffee consumption reduces risk of type-2 diabetes by 25%.,generated_images/event_65.jpg
Blood test for depression biomarkers could replace subjective diagnosis.,generated_images/event_66.jpg
Scientists create a living bandage of skin cells that heals chronic wounds.,generated_images/event_67.jpg
New drug dissolves arterial plaque without side effects in phase II trials.,generated_images/event_68.jpg
Artificial pancreas outperforms insulin pumps in type-1 diabetes trial.,generated_images/event_69.jpg
Researchers identify a gut-brain axis link to autism spectrum disorder.,generated_images/event_70.jpg
First successful uterus transplant in a transgender woman leads to pregnancy.,generated_images/event_71.jpg
Stroke recovery drug regenerates damaged neurons in clinical study.,generated_images/event_72.jpg
Researchers link air pollution exposure to 15% increased dementia risk.,generated_images/event_73.jpg
"A four-day work week reduces employee cortisol levels by 30%, study finds.",generated_images/event_74.jpg
Universal hepatitis C cure achieves 100% success rate in global trials.,generated_images/event_75.jpg
Scientists identify a gene that controls the body's circadian rhythm.,generated_images/event_76.jpg
mRNA-based HIV vaccine produces broad neutralizing antibodies in humans.,generated_images/event_77.jpg
Researchers grow functional inner ear hair cells to treat hearing loss.,generated_images/event_78.jpg
AI system diagnoses rare genetic disorders from facial photos.,generated_images/event_79.jpg
New compound blocks coronavirus replication at the cellular level.,generated_images/event_80.jpg
Study finds deep sleep clears Alzheimer's-linked amyloid plaques.,generated_images/event_81.jpg
World's first liquid brain biopsy approved to detect glioma recurrence.,generated_images/event_82.jpg
Researchers identify a longevity gene present in centenarians worldwide.,generated_images/event_83.jpg
Synthetic hormone therapy restores bone density in osteoporosis patients.,generated_images/event_84.jpg
Scientists develop a bandage that monitors wound healing in real time.,generated_images/event_85.jpg
First approved therapy for a prion disease halts progression in trials.,generated_images/event_86.jpg
Researchers create a 3D-printed cartilage implant that integrates naturally.,generated_images/event_87.jpg
New blood pressure drug works for patients resistant to all current therapies.,generated_images/event_88.jpg
Scientists identify a microRNA cluster that suppresses metastatic cancer.,generated_images/event_89.jpg
First noninvasive brain-computer interface approved for quadriplegia.,generated_images/event_90.jpg
Researchers develop a urine test for early pancreatic cancer detection.,generated_images/event_91.jpg
Study links high-sugar diet to accelerated epigenetic aging.,generated_images/event_92.jpg
Scientists reprogram cancer cells back into healthy tissue in mice.,generated_images/event_93.jpg
New antifungal molecule targets Candida auris without harming human cells.,generated_images/event_94.jpg
Researchers discover that fasting for 72 hours resets the immune system.,generated_images/event_95.jpg
First stem-cell-derived dopamine neuron transplant for Parkinson's succeeds.,generated_images/event_96.jpg
Scientists identify a gut bacteria strain that naturally suppresses anxiety.,generated_images/event_97.jpg
New study shows exercise reverses brain aging by up to 10 years.,generated_images/event_98.jpg
Researchers grow functional thymus tissue to restore immune function in elderly.,generated_images/event_99.jpg
Astrophysicists detect a repeating radio signal from the Proxima Centauri system.,generated_images/event_100.jpg
Evidence of liquid water found beneath the ice crust of Jupiter's moon Europa.,generated_images/event_101.jpg
New data from James Webb Telescope reveals atmospheric oxygen on an exoplanet.,generated_images/event_102.jpg
Launch of the Artemis IV mission to establish a permanent lunar gateway.,generated_images/event_103.jpg
NASA confirms methane spikes on Mars consistent with microbial activity.,generated_images/event_104.jpg
China lands taikonauts on the Moon in its first crewed lunar mission.,generated_images/event_105.jpg
James Webb Telescope images the oldest galaxy ever observed at z=16.,generated_images/event_106.jpg
ESA's LISA mission detects gravitational waves from merging supermassive black holes.,generated_images/event_107.jpg
Voyager 1 transmits new data from interstellar space after signal anomaly resolved.,generated_images/event_108.jpg
Private company successfully mines water ice from the lunar south pole.,generated_images/event_109.jpg
Astronomers discover an Earth-sized exoplanet in Proxima Centauri's habitable zone.,generated_images/event_110.jpg
SpaceX Starship completes first fully successful orbital test flight.,generated_images/event_111.jpg
Solar storm of Carrington magnitude detected heading toward Earth.,generated_images/event_112.jpg
Mars sample return mission successfully lands in Utah desert.,generated_images/event_113.jpg
Astronomers photograph the shadow of a neutron star for the first time.,generated_images/event_114.jpg
NASA's Europa Clipper confirms subsurface ocean depth exceeds 100 km.,generated_images/event_115.jpg
India's Chandrayaan-4 returns the first lunar rock samples since Apollo.,generated_images/event_116.jpg
New space telescope detects biosignatures in the atmosphere of Kepler-452b.,generated_images/event_117.jpg
Astronomers observe a star being ripped apart by a mid-mass black hole.,generated_images/event_118.jpg
Hubble successor captures image of a galaxy collision 12 billion light-years away.,generated_images/event_119.jpg
Scientists detect a planet orbiting a white dwarf star intact.,generated_images/event_120.jpg
SpaceX Dragon docks with a private space station replacing the ISS.,generated_images/event_121.jpg
China's Tianwen-2 rover discovers ancient lake beds on Mars.,generated_images/event_122.jpg
Astronauts complete 18-month stay on the Gateway lunar orbital station.,generated_images/event_123.jpg
Radio telescope array detects structured repeating signal from Wolf 1061 system.,generated_images/event_124.jpg
"Massive asteroid 2024 YR4 passes within 15,000 km of Earth safely.",generated_images/event_125.jpg
Scientists confirm dark matter interaction with a neutron star merger.,generated_images/event_126.jpg
NASA's Dragonfly rotorcraft lands successfully on Titan.,generated_images/event_127.jpg
Astronomers discover a rogue planet the size of Jupiter in our solar system.,generated_images/event_128.jpg
First fully commercial spacewalk conducted by private astronauts.,generated_images/event_129.jpg
ESA detects signs of past tectonic activity on Venus surface.,generated_images/event_130.jpg
"New pulsar discovered spinning at record 1,400 rotations per second.",generated_images/event_131.jpg
JWST detects water vapor in the atmosphere of a super-Earth exoplanet.,generated_images/event_132.jpg
Scientists propose evidence of panspermia from Martian meteorite sample.,generated_images/event_133.jpg
"Enceladus plumes contain phosphorus, last key ingredient for life.",generated_images/event_134.jpg
Astronomers witness a fast radio burst repeat on a precise 16-day cycle.,generated_images/event_135.jpg
Solar probe reaches the closest approach to the Sun at 4 million km.,generated_images/event_136.jpg
New data confirms the expansion of the universe is accelerating faster than predicted.,generated_images/event_137.jpg
Russian-Chinese joint mission launches toward the far side of the Moon.,generated_images/event_138.jpg
Telescope array captures first direct image of an exoplanet's surface features.,generated_images/event_139.jpg
"Scientists confirm existence of a stable orbit in the Oort Cloud beyond 2,000 AU.",generated_images/event_140.jpg
New map of cosmic microwave background reveals asymmetry unexplained by models.,generated_images/event_141.jpg
NASA detects a cave system on the Moon suitable for human habitation.,generated_images/event_142.jpg
Scientists image magnetic field lines around a black hole for the first time.,generated_images/event_143.jpg
Astronomers detect a twin-star system where both stars host habitable planets.,generated_images/event_144.jpg
New gravitational lens study maps dark matter with unprecedented resolution.,generated_images/event_145.jpg
First interstellar comet Borisov found to contain organic molecules.,generated_images/event_146.jpg
Astrophysicists identify a magnetar as the source of fast radio bursts.,generated_images/event_147.jpg
"Saturn's rings found to be younger than the dinosaurs, study confirms.",generated_images/event_148.jpg
New evidence suggests Mars had a global ocean 3.5 billion years ago.,generated_images/event_149.jpg
Lunar gateway module launched successfully by Falcon Heavy rocket.,generated_images/event_150.jpg
Scientists detect helium rain deep inside Jupiter's atmosphere.,generated_images/event_151.jpg
Webb telescope images proto-planetary disk forming a second Earth-like planet.,generated_images/event_152.jpg
Astronomers track a hypervelocity star ejected from the Milky Way core.,generated_images/event_153.jpg
"Space debris collision generates 10,000 new tracked objects in low orbit.",generated_images/event_154.jpg
Private telescope network provides first continuous solar storm warning system.,generated_images/event_155.jpg
Astronomers confirm a second planet in the Alpha Centauri A system.,generated_images/event_156.jpg
NASA reveals plans for nuclear thermal propulsion spacecraft to reach Mars in 45 days.,generated_images/event_157.jpg
Scientists detect complex organic molecules in the cloud layer of Venus.,generated_images/event_158.jpg
New stellar cartography maps 3 billion stars in the Milky Way's spiral arms.,generated_images/event_159.jpg
Astronomers discover a star with six co-orbital planets in perfect resonance.,generated_images/event_160.jpg
JWST detects dimethyl sulfide — a potential biosignature — on exoplanet K2-18b.,generated_images/event_161.jpg
First crewed mission to a near-Earth asteroid returns rock samples.,generated_images/event_162.jpg
New model predicts the Andromeda-Milky Way collision will occur 300 million years earlier.,generated_images/event_163.jpg
Scientists find a massive void in the universe larger than any known structure.,generated_images/event_164.jpg
Solar flare disrupts GPS and shortwave radio across the Western hemisphere.,generated_images/event_165.jpg
Astronomers observe a planet transiting directly across a black hole accretion disk.,generated_images/event_166.jpg
NASA confirms water ice on Mercury's permanently shadowed poles.,generated_images/event_167.jpg
New space weather satellite network launched to give 6-hour solar storm warnings.,generated_images/event_168.jpg
Scientists detect a moon orbiting a trans-Neptunian object for the first time.,generated_images/event_169.jpg
Optical SETI program records an unexplained laser pulse from direction of Tau Ceti.,generated_images/event_170.jpg
Astronomers trace a fast radio burst to a magnetar in the Andromeda galaxy.,generated_images/event_171.jpg
JWST confirms carbon dioxide atmosphere on rocky exoplanet TRAPPIST-1e.,generated_images/event_172.jpg
Scientists build a quantum entanglement communication link between Earth and ISS.,generated_images/event_173.jpg
ISRO's Shukrayaan-1 spacecraft enters Venus orbit successfully.,generated_images/event_174.jpg
New study says Pluto harbors a liquid water ocean beneath its nitrogen ice shell.,generated_images/event_175.jpg
Astronomers discover an exoplanet with a stable axial tilt like Earth's.,generated_images/event_176.jpg
Deep-space radio array resolves a quasar jet at milliarcsecond precision.,generated_images/event_177.jpg
Scientists report a detected neutrino burst from a nearby supernova precursor star.,generated_images/event_178.jpg
NASA's Psyche mission finds iron-rich world is geologically active.,generated_images/event_179.jpg
New theoretical model explains why the universe has more matter than antimatter.,generated_images/event_180.jpg
First 3D printed habitat module successfully deployed on the lunar surface.,generated_images/event_181.jpg
Astronomers discover a second Trojan asteroid sharing Earth's orbital path.,generated_images/event_182.jpg
Scientists determine that a specific gamma-ray burst ended a mass extinction event.,generated_images/event_183.jpg
Astronomers confirm the existence of a ninth planet beyond Neptune.,generated_images/event_184.jpg
Mars helicopter Ingenuity completes its 100th flight mission.,generated_images/event_185.jpg
Scientists detect tidal heating strong enough for volcanism on exomoon.,generated_images/event_186.jpg
New exoplanet survey finds one in five sun-like stars hosts an Earth-sized planet.,generated_images/event_187.jpg
First in-space manufacturing of optical-grade fiber yields superior performance.,generated_images/event_188.jpg
JWST detects traces of prebiotic chemistry in a planet-forming disk.,generated_images/event_189.jpg
Scientists model a binary black hole merger that may be visible to naked eye.,generated_images/event_190.jpg
ESA's Hera mission returns detailed images of asteroid Dimorphos after DART impact.,generated_images/event_191.jpg
New radar mapping reveals extensive subsurface lava tubes on the Moon.,generated_images/event_192.jpg
Astronomers observe real-time stellar evolution in a recurrent nova outburst.,generated_images/event_193.jpg
Scientists detect a magnetic field on an exoplanet for the first time.,generated_images/event_194.jpg
Space-based solar power pilot transmits 1 kW to Earth successfully.,generated_images/event_195.jpg
Scientists propose using lunar regolith as shielding for radiation on Mars missions.,generated_images/event_196.jpg
New spectroscopic survey identifies 50 new potentially habitable exoplanet candidates.,generated_images/event_197.jpg
Astronomers detect the most energetic gamma-ray burst ever recorded from 2 billion ly away.,generated_images/event_198.jpg
Deployment of the first commercial carbon-capture plant in Iceland.,generated_images/event_199.jpg
New study links microplastic pollution to coral reef bleaching acceleration.,generated_images/event_200.jpg
Discovery of a deep-sea bacteria species that naturally decomposes petroleum.,generated_images/event_201.jpg
Arctic sea ice extent reaches the lowest recorded level since satellite monitoring began.,generated_images/event_202.jpg
Scientists identify a fungal network that stores carbon in old-growth forests.,generated_images/event_203.jpg
Global average temperature exceeds 1.5°C above pre-industrial levels for full year.,generated_images/event_204.jpg
New ocean buoy network detects deep-water current slowdown of 15%.,generated_images/event_205.jpg
Scientists discover a microbe that converts CO2 directly into biodegradable plastic.,generated_images/event_206.jpg
Largest coral restoration project plants 10 million corals on the Great Barrier Reef.,generated_images/event_207.jpg
Study reveals that permafrost thaw is releasing mercury at dangerous levels.,generated_images/event_208.jpg
New satellite constellation tracks methane emissions from oil fields in real time.,generated_images/event_209.jpg
Scientists genetically modify trees to absorb 5x more carbon dioxide.,generated_images/event_210.jpg
Record-breaking wildfire season burns 20 million hectares in Canada.,generated_images/event_211.jpg
A new desalination membrane purifies seawater using 80% less energy.,generated_images/event_212.jpg
Scientists confirm that the Amazon rainforest now emits more CO2 than it absorbs.,generated_images/event_213.jpg
New study shows microplastics have reached the stratosphere.,generated_images/event_214.jpg
First geoengineering field trial injects aerosols into the stratosphere.,generated_images/event_215.jpg
Researchers find that kelp forests absorb carbon 20x faster than tropical rainforests.,generated_images/event_216.jpg
Study reveals that 50% of freshwater species have gone extinct since 1970.,generated_images/event_217.jpg
New battery-free sensor network monitors deforestation using acoustic AI.,generated_images/event_218.jpg
Scientists discover massive methane seeps on the Antarctic continental shelf.,generated_images/event_219.jpg
Green hydrogen production plant powered by offshore wind begins operation in Norway.,generated_images/event_220.jpg
UN report finds global soil degradation is threatening food security for 3 billion people.,generated_images/event_221.jpg
Scientists map the complete water table of the Saharan aquifer system.,generated_images/event_222.jpg
New wave energy converter achieves grid parity with offshore wind in trial.,generated_images/event_223.jpg
Plastic-eating enzyme variant breaks down PET bottles in 24 hours.,generated_images/event_224.jpg
Scientists detect a new ozone-depleting substance rising from industrial regions.,generated_images/event_225.jpg
Glaciologists confirm the West Antarctic Ice Sheet has passed a tipping point.,generated_images/event_226.jpg
New study shows urban heat islands increase mortality by 12% in summer.,generated_images/event_227.jpg
Scientists use satellite data to prove illegal fishing accounts for 30% of global catch.,generated_images/event_228.jpg
Researchers develop a soil additive that doubles crop yields while cutting fertilizer use.,generated_images/event_229.jpg
New biodegradable packaging from seaweed replaces plastic in 12 major supermarkets.,generated_images/event_230.jpg
Ocean acidification permanently damages larval fish navigation in new study.,generated_images/event_231.jpg
Scientists discover a new plant species that absorbs heavy metals from contaminated soil.,generated_images/event_232.jpg
Climate model predicts Gulf Stream collapse possible within 15 years.,generated_images/event_233.jpg
Study shows reforestation with native species restores biodiversity faster than plantations.,generated_images/event_234.jpg
New satellite-based system predicts flash floods 6 hours in advance.,
Scientists develop a coral that survives bleaching temperatures through genetic engineering.,
Large-scale rewilding project in Scotland reintroduces lynx and wild boar.,
Study links nitrate runoff to dead zones in 400 coastal marine ecosystems.,
New paper finds renewable energy microgrids have eliminated energy poverty in 40 regions.,
Scientists discover a bacterium that converts ammonia directly to nitrogen gas.,
World's largest offshore wind farm begins generating 3.6 GW off Yorkshire coast.,
New analysis shows protected marine areas increase fish biomass by 600%.,
Researchers find evidence of prehistoric megadroughts locked in stalactite records.,
Scientists develop a paint that generates electricity from moisture in the air.,
Study reveals that glacier retreat is accelerating groundwater loss in the Himalayas.,
New carbon credit satellite system catches fraudulent offset projects in real time.,
Researchers develop a low-cost filter that removes PFAS from drinking water.,
Scientists discover a deep-ocean current that regulates global rainfall patterns.,
Study shows planting mangroves is 10x cheaper than sea walls for coastal protection.,
New research reveals that lightning frequency is increasing with global warming.,
Scientists identify a vine species that is rapidly overtaking tropical forests.,
First direct measurement of ice loss from beneath Antarctica's Thwaites Glacier.,
New study links wildfire smoke to long-term respiratory disease in children.,
Researchers discover that abandoned farmland sequesters carbon faster than planted forests.,generated_images/event_254.jpg
Scientists track a dust storm from the Sahara fertilizing the Amazon in real time.,
Study reveals that urban trees reduce cooling costs by $500 per household annually.,
New data shows Arctic permafrost releasing nitrous oxide at record rates.,
Researchers build a living wall system that filters indoor air pollutants with mosses.,
Scientists identify a hot spring bacterium that breaks down polyurethane foam.,
"Study shows that tidal wetlands store blue carbon for 5,000 years.",
New geostationary satellite maps global forest cover changes daily.,
Scientists discover a 60-million-year-old Antarctic rainforest beneath the ice.,
"Extreme heat events are now 5 times more frequent than in the 1950s, study shows.",
Researchers develop an algae-based jet fuel that is carbon-negative.,
Scientists confirm a sixth mass extinction event is currently underway.,
New study shows that reducing food waste would cut global emissions by 8%.,
Researchers engineer a grass that sequesters carbon deep in the soil as a stable compound.,
Study reveals microplastics are now present in human placentas worldwide.,
Oceanographers detect a massive freshwater plume from Greenland melt entering the Arctic.,
"Scientists map 10,000 new deep-sea species from a single hydrothermal vent survey.",
New wind turbine blade made from flax fiber proves recyclable and cost-competitive.,
Study shows that global insect populations have declined by 45% since 1990.,
Researchers develop a bio-filter using mycelium to remove pharmaceutical waste from rivers.,
Scientists confirm that cloud seeding increased rainfall by 15% in drought-hit regions.,
New satellite shows Antarctic ice shelves are thinning 70% faster than models predicted.,
Researchers create a drought-resistant wheat variety using wild ancestor gene splicing.,
Study finds that urban rooftop farms can supply 30% of fresh produce for a city.,
Scientists discover that sea sponges can remove 95% of viruses from surrounding water.,
New analysis shows the Colorado River has lost half its flow since 1950.,
Researchers develop a bioacoustic monitor that detects illegal logging in real time.,
"Study shows air quality improvements from coal plant closures save 20,000 lives per year.",generated_images/event_281.jpg
Scientists discover a natural compound in red algae that neutralizes ocean acidification.,
New research finds that sustainable agriculture can feed 10 billion people without deforestation.,
"Glaciers in the Swiss Alps are now retreating at their fastest rate in 2,000 years.",
Researchers build a desalination plant powered entirely by tidal energy.,
Scientists identify that 60% of freshwater aquifer recharge zones are unprotected.,
Study shows urban green corridors reduce PM2.5 pollution by 40%.,
New research links PFAS contamination to immune system suppression in children.,
Scientists detect an underwater volcanic eruption that cooled a section of the Pacific.,
New enzyme cocktail breaks down rubber tires into reusable raw materials.,
Study reveals that regenerative farming practices can reverse topsoil loss in 10 years.,
Researchers discover ancient forests under the Sahara preserved in underground amber.,
Scientists confirm that solar radiation management field trials are already underway secretly.,
New satellite-based rainfall model improves monsoon prediction accuracy by 40%.,
Study shows that rewilding rivers by removing dams doubles salmon populations.,
Researchers develop an atmospheric water harvester that produces 10 liters/day in a desert.,
Scientists identify a new antibiotic compound produced by Antarctic soil bacteria.,
Researchers use AI to predict protein folding for 200 million unknown sequences.,
Release of GPT-6 with native multimodal reasoning and zero-latency voice.,
Open-source AI model surpasses proprietary models in coding benchmarks.,
Quantum computer successfully cracks a legacy RSA-2048 encryption key.,
Major cloud provider suffers a 12-hour global outage due to a DNS exploit.,
Introduction of 6G pilot programs in Seoul and Tokyo.,
Apple unveils its first foldable iPhone with a self-healing screen coating.,
Breakthrough in holographic display tech allows for glasses-free 3D video calls.,
Social media giant introduces Verified Human badges to combat deepfakes.,
Drone delivery services receive FAA approval for nationwide nighttime operations.,
EU Parliament passes the Robotic Rights Act for autonomous service droids.,
New Metaverse workplace platform sees 50 million daily active professional users.,generated_images/event_309.jpg
Global semiconductor shortage eases as new Mega-Fabs open in Arizona.,
Major tech CEO resigns to lead a new non-profit focused on AI Alignment.,
Cyber-attack on a national power grid leads to localized blackouts in Eastern Europe.,
Automotive industry adopts a universal standard for vehicle-to-everything (V2X) comms.,
AI system autonomously discovers and patches a zero-day vulnerability in Linux kernel.,
First fully autonomous AI lawyer wins a case in US federal court.,
Neural interface chip allows silent speech communication at 150 words per minute.,
Self-replicating robot assembles a copy of itself using raw materials in a lab.,
"Tech giant deploys a satellite-based global internet constellation of 50,000 nodes.",
AI model writes and publishes a peer-reviewed mathematics paper.,
Researchers demonstrate 1 Tbps data transmission over a standard fiber optic cable.,
First AI-generated feature film wins an international film festival award.,
New chipset achieves 3nm gate width in commercial production.,
Deepfake detection algorithm reaches 99.9% accuracy in real-time video.,
AI-powered drug discovery platform proposes 3 novel antibiotics in 72 hours.,
World's first fully autonomous cargo ship completes a transoceanic voyage.,
Quantum internet node established between Amsterdam and Delft.,
Digital twin of an entire city used to simulate and prevent flooding.,
AI system achieves superhuman performance in all 57 ARC benchmark tasks.,
Nation-state malware targets industrial control systems of 12 water utilities.,
First photonic quantum processor commercially available for cloud access.,
AI video synthesis model generates 4K film content in real time.,
Global treaty on lethal autonomous weapons fails at UN vote.,
Humanoid robot performs unsupervised surgery on a pig in a Stanford trial.,
Browser-based AI assistant completes an entire software project from a text prompt.,
"Researchers achieve lossless data compression at 1,000:1 ratio for genomic sequences.",
New edge-AI chip enables real-time language translation with zero cloud dependency.,generated_images/event_336.jpg
AI model detects financial fraud patterns 6 months before they materialize.,
Autonomous vehicle fleet logs 10 billion miles without a single at-fault accident.,
"Scientists achieve 1,000-qubit stable quantum computer at room temperature.",
AI system discovers a new branch of mathematics unexplored by humans.,
Biometric passport replaces physical document in 20 countries.,
Tech conglomerate acquires a sovereign cloud infrastructure for $500 billion.,
Researchers create a memristor array that processes data like a biological brain.,
"AI hiring platform found to discriminate systemically, leading to global ban.",
First fully encrypted peer-to-peer global messaging system launched with 100M users.,
"New algorithm solves the traveling salesman problem for 10,000 cities in seconds.",
AI model generates legally binding contracts indistinguishable from human-drafted ones.,
Cyber espionage group leaks 2 billion records from a health insurance database.,
Researchers demonstrate wireless power transfer over 1 km at 85% efficiency.,
AI tutor system improves student math scores by 40% in a randomized controlled trial.,
"Autonomous drone swarm conducts precision agriculture across 10,000-acre farms.",
Scientists use AI to decode dolphin communication into human-readable language.,
First digital human news anchor deployed by a major broadcast network.,
AI system spots early signs of wildfires via satellite imagery 2 hours before ignition.,
Researchers build a carbon nanotube transistor 10x faster than silicon equivalents.,
New privacy regulation requires AI companies to delete models trained on personal data.,
AI model predicts election outcomes with 95% accuracy 6 months in advance.,
Self-driving trucking company logs 500 million commercial miles without driver.,
Tech firm creates a chip that embeds AI directly into camera sensors.,
Researchers develop a brain-computer interface that restores natural handwriting.,
AI generates a synthetic drug candidate that enters clinical trials within one year.,
Major nation bans all AI-generated content in political advertising.,
First AI co-authored novel shortlisted for the Man Booker Prize.,
Researchers create a photovoltaic cell with 47% energy conversion efficiency.,generated_images/event_364.jpg
Generative AI model produces music indistinguishable from top-charting pop songs.,
Scientists develop an AI that detects depression from 30 seconds of voice.,
New algorithm trains a large language model on a laptop in under an hour.,
AI-powered legal system in Estonia handles 90% of minor civil cases autonomously.,
Researchers clone the entire digital identity of a deceased individual from social media.,
First AI system achieves a PhD-level score on a comprehensive science examination.,
Autonomous robot firefighter deployed in high-rise building fires in Dubai.,
"Scientists create a processor that runs entirely on light, not electricity.",
Global digital ID system adopted by 50 nations as a universal identity standard.,
AI system writes personalized music therapy sessions for dementia patients.,
Researchers develop a smart textile that harvests energy from body movement.,
First AI-driven weather forecast model outperforms all numerical weather prediction systems.,
Researchers create a 1-petabyte DNA data storage system smaller than a sugar cube.,
AI model identifies novel materials for room-temperature superconductors.,
Tech company demonstrates a fully functional 6G prototype achieving 1 Tbps speeds.,
New regulation requires watermarking of all AI-generated video and audio content.,
AI diagnoses rare metabolic disorders from a standard blood panel in seconds.,
"Researchers demonstrate error-corrected quantum logic gates with 10,000 physical qubits.",
First AI-written constitution submitted to a referendum in a Pacific island nation.,
Scientists develop a chip that uses quantum tunneling for ultra-low-power AI inference.,
AI model detects counterfeit pharmaceuticals from packaging images alone.,
Autonomous underwater vehicle maps the entire Arctic seafloor in 18 months.,
Researchers create an AI therapist that passes the Turing test in mental health sessions.,
AI system solves a 50-year-old protein structure problem in 4 hours.,
Nation deploys AI surveillance system capable of tracking 100 million faces in real time.,
Scientists build a molecular computer using DNA strands as logic gates.,
"Researchers demonstrate semantic compression of video at 10,000:1 ratio via AI.",generated_images/event_391.jpg
First AI model trained exclusively on scientific data achieves Nobel Prize-level insight.,
Quantum key distribution network launched across the European Union.,
AI system identifies structural failure risks in bridges 5 years before collapse.,
Scientists achieve optical atomic clock precision of 1 second in 300 billion years.,
Researchers develop an AI that can read and interpret emotional states from fMRI in real time.,
First fully autonomous household robot manages a home for 30 days unsupervised.,
Scientists train AI to detect disease outbreaks from aggregated search query patterns.,
Researchers create a flexible solar skin that generates power from indoor lighting.,
Physicists achieve a stable nuclear fusion reaction lasting over 10 minutes.,
Chemists synthesize a new room-temperature superconductor using carbon-hydrogen-sulfur.,
"Solid-state battery prototype reaches 1,000 miles of range in EV testing.",
"Researchers achieve quantum entanglement between two atoms 1,000 km apart.",
Scientists observe a Bose-Einstein condensate at room temperature for the first time.,
"New metamaterial bends light around an object, achieving true optical invisibility.",
Scientists synthesize a new stable element in the island of stability region.,
"ITER tokamak achieves plasma duration of 1,000 seconds in landmark test.",
Researchers demonstrate a photovoltaic cell with 50% theoretical efficiency limit.,
Scientists create an ultra-dense hydrogen compound that is superconducting at −20°C.,
New theoretical framework unifies quantum mechanics with general relativity.,
Researchers build a tabletop particle accelerator using laser plasma wakefield.,
Scientists measure the mass of a neutrino for the first time.,
New alloy discovered that is harder than diamond and flexible at room temperature.,
Physicists create time crystals that maintain order without energy input.,
Researchers achieve 10x improvement in thermoelectric energy harvesting efficiency.,
Scientists confirm the existence of a fifth fundamental force of nature.,
New chemical process converts CO2 directly into jet fuel using sunlight.,
Researchers synthesize a polymer that conducts electricity better than copper.,
Physicists observe quantum superposition in an object visible to the naked eye.,generated_images/event_419.jpg
Scientists create a metallic hydrogen compound stable at room pressure.,
New high-entropy alloy demonstrates zero thermal expansion across a 500°C range.,
Researchers develop a photocatalyst that splits water into hydrogen with 30% efficiency.,
Scientists confirm that dark energy is increasing the rate of universal expansion.,
New type of laser produces terahertz pulses capable of seeing through walls.,
Researchers create a spin-based transistor that operates at 1 THz frequency.,
Scientists discover a new phase of matter in a 2D material cooled to near absolute zero.,
Physicists measure the speed of gravity directly for the first time.,
New supercapacitor stores 10x more energy than lithium-ion at same volume.,
Researchers discover a chemical reaction that converts plastic waste to aviation fuel.,
Scientists achieve sustained plasma confinement in a compact stellarator.,
New optical fiber transmits data 10x faster than current state-of-the-art.,
Researchers create a topological insulator that conducts electricity losslessly.,
Scientists synthesize a self-assembling 3D structure from simple amino acids.,
New nuclear battery provides 50 years of power without recharging.,
Physicists observe a predicted phenomenon where light travels backward in a medium.,
Researchers demonstrate a photonic memory chip that stores data in photons.,
Scientists discover a mineral on Earth's mantle that traps carbon for millions of years.,
New electrolyzer splits seawater directly into hydrogen without purification step.,
Researchers observe fractional quantum Hall effect in a graphene trilayer at room temp.,
Scientists create a glass that is as strong as steel and optically transparent.,
New zeolite catalyst converts methane to methanol at room temperature.,
Researchers achieve nuclear fusion ignition in a laser-driven inertial confinement device.,
Scientists image individual atoms bonding and breaking apart in real time.,
"New perovskite solar cell retains 95% efficiency after 10,000 hours of operation.",
Researchers demonstrate a molecular machine that assembles complex organic molecules.,
Scientists synthesize a new class of explosives-detecting fluorescent polymer.,generated_images/event_446.jpg
Physicists detect a graviton signature in a quasiparticle experiment.,
New gel electrolyte enables lithium-metal batteries to charge in 5 minutes.,
Researchers create a 2D material that is simultaneously magnetic and superconducting.,
Scientists observe quantum teleportation of a qubit over a 600 km fiber network.,
Chemists develop a catalyst that converts nitrogen directly to ammonia at ambient temp.,
Researchers build a device that generates electricity from temperature differences in soil.,
Scientists discover a quantum error correction code that doubles qubit coherence time.,
New aerogel insulator outperforms vacuum insulation at one-tenth the cost.,
Researchers demonstrate a protein motor that generates 10 piconewtons of force.,
Scientists create a room-temperature ionic liquid battery that is non-flammable.,
New photonic crystal design achieves 99% light absorption for solar energy.,
Physicists detect muon anomalous magnetic moment deviating significantly from the Standard Model.,
Researchers create a self-healing polymer that repairs structural cracks autonomously.,
Scientists synthesize a molecule that fluoresces in near-infrared for deep-tissue imaging.,
New ferroelectric material enables non-volatile memory with picosecond write speed.,
Researchers observe a quantum phase transition in a material with no symmetry breaking.,
Scientists create the world's thinnest magnet: a single atomic layer of chromium iodide.,
New catalyst converts plastic waste to graphene using a flash Joule heating process.,
Researchers develop a battery that charges to 80% in 90 seconds using carbon nanotube anodes.,
Scientists demonstrate a solid-state hydrogen storage material with 10 wt% capacity.,
New electrochemical process converts seawater CO2 to calcium carbonate at industrial scale.,
Researchers create a photovoltaic window that is fully transparent and generates power.,
Scientists observe superconductivity at the interface of two insulating oxides.,
"New compound absorbs 99.9% of visible light, darker than Vantablack.",
Researchers demonstrate quantum sensing that detects a single proton outside an MRI scanner.,
Scientists create a polymer aerogel with thermal conductivity lower than still air.,
New electrochemical cell converts CO2 directly to ethylene with 90% selectivity.,
Researchers achieve laser-driven nuclear fusion at a net energy gain of 3.2.,generated_images/event_474.jpg
Scientists develop a humidity-driven generator that powers a wristwatch indefinitely.,
New halide perovskite LED achieves external quantum efficiency of 28%.,
Researchers synthesize a stable carbene ligand that activates nitrogen at room temperature.,
Scientists build a molecular switch that flips 1 trillion times per second.,
New class of drug-like molecules inhibits every known strain of influenza in vitro.,
Researchers demonstrate a non-invasive blood glucose sensor using Raman spectroscopy.,
Scientists discover a mineral in deep-earth samples that contains primordial noble gases.,
New theoretical model predicts a stable tetraquark composed of four charm quarks.,
Researchers achieve lossless conversion of heat to electricity using a phononic crystal.,
Scientists create a self-replicating RNA molecule under simulated early-Earth conditions.,
New ferromagnetic semiconductor operates at room temperature for spintronics.,
Researchers demonstrate a cold-atom interferometer that detects gravitational waves.,
Scientists synthesize a hypervalent iodine compound that catalyzes C–H bond activation.,
"New anode material for lithium batteries cycles 10,000 times without capacity loss.",
Researchers observe a topological phase transition induced by a single photon.,
Scientists create a self-organizing lattice of quantum dots for photonic computing.,
New fluoropolymer coating makes any surface permanently anti-icing.,
Researchers build a nanoscale gear system that converts thermal energy to rotation.,
Scientists achieve 100-fold improvement in quantum memory coherence time.,
New iron-based superconductor operates at temperatures accessible with liquid nitrogen.,
Researchers demonstrate a solid electrolyte interface that prevents lithium dendrite growth.,
Scientists synthesize a porous material that selectively captures xenon from air.,
New computational model predicts chemical reaction pathways with quantum accuracy.,
Researchers develop a phase-change material for thermal energy storage at 300°C.,
Scientists observe quantum coherence persisting for 1 millisecond in a warm biological molecule.,
"New ceramic coating withstands temperatures above 3,000°C for hypersonic vehicles.",
Archaeologists uncover a lost Viking settlement in northern Newfoundland using LIDAR.,generated_images/event_501.jpg
Paleontologists identify a new species of feathered dinosaur in the Gobi Desert.,
Neuroscientists successfully map the entire neural connectome of a fruit fly.,
Researchers discover a 3.5-million-year-old hominid skull in Ethiopia.,
Archaeologists uncover a fully intact Roman mosaic floor beneath Naples.,
Paleontologists find a feathered dinosaur with preserved iridescent plumage.,
Scientists discover a 100-million-year-old spider preserved in amber with its web.,
Archaeologists map a vast underground Maya city using airborne LIDAR in Guatemala.,
Paleontologists uncover the first complete skeleton of a giant marine reptile in Chile.,
"Researchers find a 2,000-year-old computer — the Antikythera Mechanism — has a 4th gear.",
"Archaeologists discover a Bronze Age city beneath the Black Sea, perfectly preserved.",
Scientists sequence DNA from a 1.2-million-year-old mammoth for new genome record.,
Paleontologists identify a new ankylosaur species with a six-spike tail club.,
Archaeologists find a sealed Roman library containing 400 intact papyrus scrolls.,
"Scientists discover a Neanderthal cave painting dated to 75,000 years ago.",
Paleontologists unearth a dinosaur embryo frozen mid-pose inside a fossil egg.,
"Archaeologists excavate a 5,000-year-old brewery in Egypt with intact barley residue.",
Researchers find fossilized rainforest dating to 300 million years ago in Antarctica.,
Scientists identify a 6-million-year-old great ape jawbone in Germany.,
Archaeologists discover a lost city of the Indus Valley civilization in Pakistan.,
Paleontologists find the largest dinosaur track site ever discovered in Alaska.,
"Scientists sequence the complete genome of an extinct cave bear from 70,000-year-old DNA.",
Archaeologists uncover a perfectly preserved Viking longship burial in Norway.,
"Researchers find a 10,000-year-old submerged village off the coast of Scotland.",
Paleontologists discover a new species of long-necked sauropod in Argentina.,
"Archaeologists find a 2,500-year-old Scythian warrior buried with gold artifacts.",
Scientists recover 66-million-year-old dinosaur proteins from a T. rex bone.,generated_images/event_527.jpg
Archaeologists discover an ancient Egyptian astronomical observatory in Sinai.,
Paleontologists identify a new species of pterosaur with a 12-meter wingspan.,
"Researchers find the earliest known written alphabet, dated to 3,900 years ago in Lebanon.",
"Scientists discover fossilized evidence of the first flowers, 160 million years old.",
Archaeologists reveal a complete map of Pompeii using ground-penetrating radar.,
Paleontologists find a new genus of early whale with four functional legs.,
"Researchers discover a 50,000-year-old cave art gallery in Sumatra.",
"Scientists recover intact RNA from a 14,000-year-old dire wolf fossil.",
"Archaeologists find a lost 3,000-year-old city in Iraq beneath modern farmland.",
Paleontologists discover a fully articulated plesiosaur in a Kansas reservoir bed.,
"Researchers find the oldest known Homo sapiens fossils in Morocco at 360,000 years old.",
Archaeologists uncover an ancient astronomical tablet predicting a solar eclipse in 2000 BC.,
"Scientists find a 130,000-year-old mastodon bone with human tool marks in California.",
Paleontologists discover a dinosaur with melanosomes indicating a countershaded pattern.,
"Researchers find a 9,000-year-old figurine in Turkey that is the oldest known art.",
Archaeologists discover a complete Roman naval fleet sunk off the coast of Sicily.,
"Scientists sequence DNA from a 5,300-year-old Ötzi the Iceman relative found in Austria.",
Paleontologists find footprints of a bipedal crocodile ancestor in South Korea.,
"Researchers discover a 1,000-year-old medical compendium in a monastery in Armenia.",
Archaeologists uncover a pre-Columbian pyramid larger than the Great Pyramid of Giza in Mexico.,
Scientists find that Neanderthals used medicinal plants based on dental calculus analysis.,
"Paleontologists identify a giant carnivore that preyed on early whales, 23 million years old.",
"Researchers uncover 20,000-year-old cave paintings in a submerged cave in the Yucatán.",
Archaeologists reveal a second Stonehenge-like monument hidden beneath Salisbury Plain.,
Scientists find a 4.4-million-year-old Ardipithecus skeleton with preserved foot bones.,
Paleontologists discover the first complete skull of a giant ground sloth in South America.,
"Researchers identify a 8,000-year-old mass grave site in Scandinavia from warfare.",generated_images/event_554.jpg
Archaeologists discover a cache of 500 sealed ancient Greek wine amphorae in the Aegean.,
"Scientists recover ancient DNA proving the first Americans arrived 35,000 years ago.",
Paleontologists find a fossilized dinosaur–mammal encounter frozen in a single moment.,
Researchers discover a 2-million-year-old stone tool workshop in the Ethiopian Rift Valley.,
Archaeologists find a Roman trading port beneath modern downtown London.,
Scientists extract proteins from a 195-million-year-old dinosaur rib bone.,
Paleontologists identify a new titanosaur species from a fossil found in a parking lot.,
"Researchers find 30,000-year-old cave paintings of horses deep inside a Syrian cavern.",
Archaeologists uncover a complete Mayan royal court beneath jungle in Honduras.,
"Scientists date a Göbekli Tepe-like site in Iran to 14,000 years ago.",
Paleontologists discover fossilized evidence of parental care in a sauropod nest.,
"Researchers find a 1,500-year-old Viking trade route map in an Icelandic manuscript.",
Archaeologists excavate an intact Inca citadel hidden in Peruvian cloud forest.,
Scientists discover fossilized skin from a mosasaur shows it was striped like a tiger.,
Geneticists de-extinct a trait from the passenger pigeon in a laboratory setting.,
Scientists use CRISPR to create drought-resistant rice that yields 30% more.,
Researchers sequence the genome of every known vertebrate species in 3 years.,
Scientists resurrect a woolly mammoth gene responsible for cold-adapted hemoglobin.,
Biotech firm creates the first synthetic human cell with a fully engineered genome.,
Researchers use base editing to correct sickle cell disease in patients' own stem cells.,
Scientists engineer a bacteria that produces spider silk stronger than Kevlar.,
Genetic analysis reveals a hidden population of Homo sapiens in the Philippines.,
Researchers create a synthetic yeast chromosome from scratch.,
Scientists identify a gene variant that makes certain individuals immune to prion diseases.,
Biotech company grows a functional human liver in a pig for transplantation purposes.,
Researchers develop a CRISPR delivery system using lipid nanoparticles for in vivo editing.,
Scientists engineer a microbe that converts plastic bottles to vanilla flavoring.,
Genome sequencing identifies the genetic origin of the 1918 Spanish flu.,generated_images/event_582.jpg
Researchers create a yeast strain that produces morphine from glucose.,
Scientists identify 50 new genes associated with autism spectrum disorder.,
Biotech company develops a lab-grown meat product indistinguishable from premium steak.,
Researchers engineer a bacterium that breaks down cellulose into bioethanol efficiently.,
Scientists clone a gaur from a 15-year-old frozen skin cell.,
Gene therapy corrects a rare metabolic disorder in utero for the first time.,
Researchers sequence the tardigrade genome to understand desiccation survival.,
Scientists create a bioluminescent plant that glows brightly enough to read by.,
Biotech researchers develop a gene drive to eliminate dengue-carrying mosquitoes.,
Scientists identify the genetic basis of perfect pitch in musicians.,
Researchers engineer a bacterium that detects and neutralizes landmines in soil.,
Scientists create a synthetic microbiome that prevents obesity in mice.,
Biotech company uses AI to design an entirely novel enzyme not found in nature.,
Researchers develop mRNA technology that temporarily boosts cellular repair mechanisms.,
Scientists identify a regulatory region that controls aging across 40 vertebrate species.,
Biotech firm grows functional human hair follicles in a lab for alopecia treatment.,
Researchers create a gene circuit that acts as a cancer-sensing kill switch in T-cells.,
Scientists discover a eukaryotic cell with an organelle not seen in any other organism.,
Biotech company creates a yeast that produces artemisinin for malaria treatment.,
Researchers engineer bacteria that collectively form living electronic circuits.,
Scientists identify a single gene that doubles the lifespan of C. elegans.,
Biotech firm creates an edible vaccine delivered through genetically modified bananas.,
Researchers develop a CRISPR base editor that corrects 89% of known disease mutations.,
Scientists engineer a probiotic that synthesizes a missing enzyme in lactose-intolerant individuals.,
Researchers sequence the genome of the 65-million-year-old dinosaur feather preserved in amber.,
Scientists discover a gene that regulates empathy across mammalian species.,
Biotech company engineers a cow that produces human insulin in its milk.,generated_images/event_609.jpg
Researchers create a synthetic spider capable of spinning silk on demand.,
Scientists identify the genetic mutation that allows Tibetans to thrive at altitude.,
Researchers sequence the complete pangenome of all human ethnic groups.,
Scientists discover a bacterium that fixes nitrogen 10x more efficiently than legume symbionts.,
Biotech firm engineers a crop that synthesizes its own pesticide and biodegrades harmlessly.,
Researchers develop a genetic test that predicts schizophrenia risk at birth.,
Scientists create a transgenic silkworm that produces spider silk protein in quantity.,
Researchers identify a network of regulatory RNAs controlling brain development.,
Scientists engineer algae to produce omega-3 fatty acids at 10x the natural rate.,
Biotech company engineers a bacteriophage cocktail that defeats antibiotic-resistant infections.,
Researchers create a self-amplifying RNA vaccine that requires a dose 100x smaller.,
Scientists identify genes that determine whether twins are identical or fraternal.,
Researchers develop an epigenetic therapy that reverses cellular aging markers by 20 years.,
Scientists create a universal blood type by stripping antigens with bacterial enzymes.,
Biotech firm engineers a bacteria that replaces gut flora lost during antibiotic treatment.,
"Researchers sequence 10,000 ancient human genomes to trace migration patterns.",
Scientists create a living cell that uses an entirely artificial genetic code.,
Biotech company develops a gene therapy that eliminates chronic pain without opioids.,
Researchers engineer a crop that thrives in saltwater irrigation.,
Scientists identify a microRNA that controls the regenerative capacity of axolotl limbs.,
"Researchers develop a genetic diagnostic test for all 7,000 rare diseases from a single sample.",
Scientists engineer a bacterial biosensor that glows in the presence of cancer biomarkers.,
Biotech firm creates a lab-grown leather product from mycelium indistinguishable from cowhide.,
Researchers identify a gene that halts neurodegeneration in ALS mouse models.,
Scientists create a synthetic probiotic that colonizes the gut and produces anti-inflammatory compounds.,
Biotech company develops a gene therapy that restores muscle mass in muscular dystrophy.,
Researchers engineer a bacteria that produces methane-free cattle feed additive.,generated_images/event_636.jpg
Scientists develop a barcoding system that tracks genetic contamination in food supply chains.,
Biotech firm creates a self-replicating synthetic chromosome stable in human cells.,
Researchers develop a CRISPR tool that corrects thousands of point mutations simultaneously.,
Scientists engineer a bacterium that produces biodegradable plastic from sunlight and CO2.,
Researchers identify a protein that can reprogram skin cells directly into neurons.,
Scientists develop a genetic tool that silences any viral genome within 48 hours.,
Biotech company grows functional human kidney organoids compatible for transplantation.,
Researchers discover a transcription factor that reverses liver fibrosis in mice.,
Scientists create a synthetic cell membrane that spontaneously self-repairs after damage.,
Biotech firm engineers plants that produce vaccines in edible form.,
Researchers identify the complete epigenome of a 100-year-old centenarian.,
Scientists develop a gene therapy that prevents glaucoma-induced vision loss permanently.,
Biotech company creates a bacterial factory that produces gasoline from agricultural waste.,
Researchers engineer a cell-free system that synthesizes proteins without living cells.,
Scientists discover that horizontal gene transfer is 10x more common in humans than thought.,
Bio-engineers create self-healing concrete using specialized bacterial spores.,
World's largest offshore wind farm begins operating at 5 GW capacity.,
Scientists develop a perovskite solar cell with 40% efficiency.,
Engineers complete the first hyperloop passenger line between Chicago and Detroit.,
"New 3D-printed steel bridge opens in Amsterdam, fully assembled by robot.",
"Engineers develop a tidal turbine array that powers 10,000 homes continuously.",
Scientists create a thin-film battery that can be printed onto any surface.,
New nuclear small modular reactor achieves first criticality in Wyoming.,
Engineers design a building that generates more energy than it consumes in all climates.,
"Scientists develop an electric aircraft that flies 1,000 km on a single charge.",
New concrete mix uses captured CO2 as a structural component.,
Engineers complete a space elevator proof-of-concept tower of 100 km on a tether.,generated_images/event_663.jpg
Scientists develop a paint-on solar coating that converts 20% of sunlight to electricity.,
New ultra-high-voltage transmission line connects Nordic and Mediterranean grids.,
Engineers 3D-print a habitable lunar base prototype in 18 hours.,
Scientists develop a piezoelectric road surface that generates electricity from traffic.,
New reversible fuel cell converts electricity to hydrogen and back at 90% efficiency.,
Engineers design an ocean thermal energy conversion plant achieving 10 MW output.,
Scientists develop a sound-proofing material that blocks 99% of noise at zero mass.,
"New water-splitting catalyst achieves a turnover frequency 1,000x higher than platinum.",
"Engineers complete a floating city district in the Pacific designed for 10,000 residents.",
Scientists develop a robotic exoskeleton that allows paraplegics to walk marathon distances.,
New geothermal plant in Kenya powers 1 million homes using enhanced EGS.,
Engineers design a carbon-negative cement by incorporating biochar.,
Scientists develop a supercapacitor that replaces lead-acid batteries in all vehicles.,
New molten-salt thermal storage system stores 2 weeks of solar energy.,
Engineers build an AI-designed bridge that uses 30% less steel.,
Scientists develop a transparent wood material stronger than glass.,
New biomass gasification plant converts agricultural waste to aviation fuel.,
Engineers complete the world's longest suspension bridge at 3.5 km in Turkey.,
Scientists develop a modular home construction system assembled in 24 hours.,
New magnetohydrodynamic ship propulsion system eliminates engine noise.,
Engineers design a self-assembling space structure that deploys from a single rocket.,
Scientists develop a graphene-enhanced concrete that is twice as strong.,
New AI-optimized wind turbine blade increases annual energy yield by 25%.,
Engineers complete the first commercial maglev cargo rail system in Japan.,
Scientists develop a thermoelectric jacket that generates electricity from body heat.,
New compressed-air energy storage system achieves round-trip efficiency of 75%.,
Engineers build the first fully 3D-printed commercial aircraft fuselage.,
Scientists develop a plastic substitute that decomposes in seawater in 6 weeks.,generated_images/event_691.jpg
New vertical-axis wind turbine designed for urban rooftops achieves 35% efficiency.,
Engineers design an underwater data center cooled by Arctic seawater.,
"Scientists develop a flexible, wearable solar cell that charges a phone from sunlight.",
New hybrid rocket fuel achieves specific impulse of 450 seconds.,
Engineers build a storm-proof modular housing system from recycled ocean plastic.,
Scientists develop a solar desalination device that produces 5 liters of water per hour.,
New smart grid system eliminates 95% of power outages using predictive AI.,
Engineers complete a dam-free river crossing using magnetic levitation pontoons.,
Scientists develop an adhesive inspired by gecko feet that works on any surface in vacuum.,
New lightweight alloy for aviation weighs 40% less than aluminum at equal strength.,
Engineers build a passive cooling system for buildings using radiative sky cooling.,
Scientists develop a structural battery that stores energy in load-bearing components.,
New fusion energy startup achieves net positive energy gain in a compact device.,
Engineers design a robotic construction system that builds a house in 48 hours.,
Scientists develop a shape-memory polymer scaffold for bone regeneration.,
New AI traffic management system reduces urban congestion by 50%.,
Engineers build a carbon-fiber bicycle that is also a structural battery.,
Scientists develop a hydrogel coating that keeps ship hulls free of barnacles indefinitely.,
New piezoelectric flooring generates electricity from pedestrian footsteps in airports.,
Engineers complete a 50-story tower built entirely from mass timber.,
Scientists develop a catalyst that converts ammonia back to hydrogen fuel on demand.,
New soft robot capable of navigating collapsed buildings finds survivors autonomously.,
Engineers design a passive water collection tower for dry climates.,
Scientists develop a transparent aerogel window panel with R-40 insulation value.,
New autonomous mining robot operates at 3 km depth without human intervention.,
Engineers build a robot that repairs potholes autonomously in a city environment.,generated_images/event_717.jpg
Scientists develop a coating that prevents ice formation on aircraft wings permanently.,
New kinetic energy harvesting system in gym equipment powers the building.,
Engineers design a self-balancing autonomous cargo bicycle for last-mile delivery.,
Scientists develop a living building facade that actively removes air pollutants.,
New 3D-printed titanium implant integrates with bone in 2 weeks.,
Engineers complete a floating solar farm on a reservoir that doubles as a water cover.,
Scientists develop a nano-coating that makes glass self-cleaning in all weather.,
New underground pneumatic freight system replaces city delivery trucks.,
Engineers design an amphibious autonomous vehicle for coastal flood response.,
Scientists develop a microwave power beaming system that transmits 100 kW wirelessly.,
New composite wood-steel beam outperforms reinforced concrete in seismic tests.,
"Engineers build an automated vertical farm producing 1,000 tons of leafy greens per year.",
Scientists develop a flexible display woven directly into clothing fabric.,
New electrochemical process extracts lithium from brine 10x faster than evaporation.,
Engineers design a bridge monitoring system using embedded fiber optic strain sensors.,
Scientists develop a hydrogen-powered passenger ferry crossing the North Sea.,
New photovoltaic noise barrier along motorways generates 2 MW per kilometer.,
Engineers build a modular nuclear microreactor deployable by helicopter to remote areas.,
Scientists develop a carbon-fiber reinforced concrete for 200-story skyscrapers.,
New passive house design maintains comfort at −40°C without any heating system.,
Engineers create a deep-sea pressure vessel that operates at 11 km depth.,
Scientists develop a membrane that extracts uranium from seawater economically.,
New AI-powered structural health monitoring network prevents bridge failures.,
Engineers complete a solar road trial that generates electricity across 1 km of highway.,
Scientists develop a thermochromic window that adjusts opacity and insulation value dynamically.,
New wind-assisted ship propulsion system cuts fuel use by 30% on trans-Pacific routes.,
Engineers design a robotic system that disassembles end-of-life electronics for recycling.,generated_images/event_744.jpg
Scientists develop a photocatalytic concrete that breaks down nitrogen oxides from vehicle exhaust.,
EU Parliament passes the Robotic Rights Act for autonomous service droids.,
World Health Organization updates guidelines on AI-assisted surgical procedures.,
Report reveals that half of all global infrastructure needs replacement within 20 years.,
Scientists find that cortisol levels in urban residents are permanently elevated vs rural.,
New study shows that algorithmic news feeds reduce exposure to opposing views by 60%.,generated_images/event_854.jpg
Researchers find that co-operative enterprises survive recessions better than shareholder firms.,
Study shows that universal school meals programs increase test scores by 10%.,
Report reveals that global water stress now affects 4 billion people for at least one month per year.,
Scientists find that light pollution has increased global sky brightness by 10% annually.,
New analysis shows that circular packaging would eliminate 30% of plastic waste.,
Researchers find that women's political representation correlates with lower corruption.,
Study shows that community health worker programs reduce infant mortality by 20%.,
Report finds that global food waste accounts for 10% of total greenhouse gas emissions.,
Scientists find that biodiversity in agricultural landscapes increases crop yield stability.,
New study shows that participatory budgeting increases civic engagement by 40%.,
Researchers find that digital divide exacerbates educational inequality in rural areas.,
Study shows that single-use plastic bans reduce coastal plastic by 50% within 2 years.,
Report reveals that 500 million smallholder farmers produce 70% of the world's food.,
Scientists find that lack of sanitation costs developing economies 5% of GDP annually.,
New economic model shows that investing in early childhood yields $13 return per dollar spent.,
Researchers find that noise from wind turbines has no measurable health impact on residents.,
Study shows that urban cycling infrastructure reduces traffic fatalities by 40%.,
Report reveals that global spending on subsidies to fossil fuels reached $7 trillion in 2023.,
Scientists find that household financial stress directly impairs parental sensitivity.,
New study shows that social housing investment generates 3:1 economic return.,
Researchers find that digital health monitoring reduces hospital readmissions by 35%.,
Study shows that fair trade certification improves farmer income by 20% in certified regions.,
Report finds that 60% of freshwater used globally goes to irrigation of four major crops.,
Scientists find that walkable cities have 25% lower obesity rates than car-dependent suburbs.,
New analysis shows that migrant remittances exceed foreign aid flows by a factor of 3.,
Researchers find that community-owned renewable energy projects increase local acceptance.,
Study shows that plant-based school meals reduce carbon footprint of education by 40%.,
Report reveals that global homicide rates have fallen by 20% in the last two decades.,generated_images/event_882.jpg
Scientists find that 90% of global fisheries could recover within 10 years of protection.,
New study shows that affordable housing near transit hubs reduces car ownership by 50%.,
Researchers find that corporate monopolies inflate prices by 15% above competitive markets.,
Study shows that sleep education in schools improves adolescent academic performance.,
Report finds that global humanitarian funding gap reached $50 billion in 2024.,
Scientists find that maternal stress during pregnancy permanently alters infant stress response.,
New economic analysis shows that carbon taxes accelerate clean energy transition without job loss.,
Researchers find that community fridges reduce neighborhood food insecurity by 30%.,
Study shows that legal recognition of indigenous land rights reduces deforestation by 50%.,
Report reveals that global deaths from air pollution exceed road traffic deaths by 10:1.,
Scientists find that digital payments reduce corruption in public procurement by 25%.,
New study shows that 10-minute daily mindfulness practice improves workplace productivity.,
Researchers find that flexible scheduling reduces employee turnover by 30%.,
Study shows that clean cookstoves reduce indoor air pollution deaths by 70% in trial regions.,
Report finds that global child labor has increased for the first time in 20 years.,
Scientists find that urban gardens reduce neighborhood crime rates by 15%.,
New analysis shows that free public transit increases ridership by 200%.,
Researchers find that social capital predicts economic mobility more than education level.,
Study shows that online hate speech directly precedes offline violent incidents.,
Report reveals that global malnutrition costs economies $3.5 trillion per year.,
Scientists find that greening schoolyards reduces childhood stress hormones by 15%.,
New study shows that corporate wellness programs reduce healthcare costs by $3 per $1 invested.,
Researchers find that access to contraception reduces maternal mortality by 30%.,
Study shows that economic empowerment programs for women reduce domestic violence by 25%.,
Report finds that international climate finance to developing nations fell short by $500 billion.,
Scientists find that noise-cancelling environments improve hospital patient recovery speed by 20%.,
New economic analysis shows that ageing populations are net contributors to innovation.,generated_images/event_909.jpg
Researchers find that open-source textbooks reduce student costs without sacrificing quality.,
Study shows that community policing reduces use of force incidents by 25%.,
Report reveals that the informal economy employs 60% of the global workforce.,
Scientists find that digital financial inclusion increases women's economic autonomy.,
New study shows that restorative justice programs reduce youth reoffending by 25%.,
Researchers find that telemedicine access in rural areas reduces specialist wait times by 60%.,
UN adopts a global treaty on the regulation of autonomous weapons systems.,
G20 nations agree on a universal minimum corporate tax of 20%.,
Scientists link social media use exceeding 4 hours daily to elevated anxiety in adults.,
Global study finds a universal basic income pilot increased well-being in 15 countries.,
World's first national digital currency replaces cash in the Bahamas.,
Study shows four-day work week maintains productivity while cutting burnout by 40%.,
UN declares water access a legally enforceable human right with sanctions mechanism.,
New study links exposure to advertising to reduced critical thinking in children.,
"First fully automated factory produces 10,000 vehicles per day with zero workers.",
Researchers find police use of predictive AI increases wrongful arrest rates.,
Global hunger falls to its lowest level in 50 years following crop yield breakthrough.,
WHO declares a global mental health emergency citing 1 billion affected worldwide.,
Study finds that remote work has permanently shifted urban population distributions.,
New algorithm distributes organ donations with zero racial disparity for the first time.,
Global life expectancy rises to 80 years for the first time in recorded history.,
Study finds that plastic pollution has entered the global food chain irreversibly.,
Researchers identify an economic model that predicts recessions 2 years in advance.,
Report reveals that 10 corporations control 70% of global food production.,
New study shows that misinformation spreads 6x faster than verified news on social media.,
Scientists find that poverty reduces cognitive bandwidth equivalent to losing 13 IQ points.,
World's largest wealth fund divests entirely from fossil fuels.,
Study reveals that algorithmic content curation is increasing political polarization.,
New economic analysis shows clean energy creates 3x more jobs than fossil fuels.,
Researchers find that cash transfers reduce child mortality more than infrastructure aid.,
Global report warns 3 billion people lack access to safe drinking water by 2040.,generated_images/event_772.jpg
New study links income inequality to reduced life expectancy of 15 years in the poorest quartile.,
Scientists find that urban noise pollution increases cardiovascular disease risk by 30%.,
Report shows that 80% of ocean plastic comes from 20 rivers in Asia and Africa.,
New research finds that democratic nations recover faster from economic shocks.,
Study shows that hate crime rates increase 40% following inflammatory political speeches.,
Researchers discover that vaccine hesitancy is driven more by distrust than misinformation.,
"Global study shows meditation reduces healthcare costs by $2,000 per person annually.",
New analysis shows that decriminalizing drugs reduces addiction rates by 25%.,
Report finds that gig economy workers earn below minimum wage when expenses are factored in.,
Study shows that universal pre-K education closes socioeconomic achievement gaps by 60%.,
Researchers find that food deserts increase obesity risk independent of income level.,
New economic model shows that automation will displace 40% of jobs within 20 years.,
Study finds that social isolation is as harmful to health as smoking 15 cigarettes per day.,
Report shows that climate migration will displace 1 billion people by 2050.,
Scientists find that air pollution disproportionately affects minority communities by 60%.,
New study shows that countries with stronger unions have lower income inequality.,
Researchers find that parental paid leave reduces childhood poverty rates by 30%.,
Global survey reveals 60% of youth believe democracy is declining in their country.,
Study shows that corporate stock buybacks reduce R&D spending by an equivalent amount.,
New research finds that proximity to green space reduces depression rates by 20%.,
Researchers show that algorithmic pricing increases consumer costs by an average of 10%.,
Study finds that mass incarceration costs the US economy $1.2 trillion annually.,
Report shows that maternal mortality rates are 3x higher in rural than urban areas.,
New study finds that child marriage reduces lifetime earnings by 9% of GDP in affected nations.,
Researchers find that language immersion programs outperform bilingual education.,
Global report shows that gender pay gap has narrowed to 12% in OECD nations.,
Study reveals that aging populations will cut GDP growth by 1.5% annually in G7 by 2040.,generated_images/event_799.jpg
New economic model shows circular economy could save $4.5 trillion globally by 2030.,
Researchers find that microfinance reduces poverty more effectively than aid grants.,
Study shows that minimum wage increases do not significantly increase unemployment.,
Report reveals that data brokers sell personal health records without user consent.,
New study links childhood adversity to telomere shortening by 15% in adulthood.,
Researchers find that urban farming reduces food insecurity in low-income neighborhoods.,
Study shows that student debt forgiveness would increase GDP by 100 billion annually.,
New analysis shows that global arms spending reached a record $2.5 trillion in 2024.,
Researchers find that dietary iron deficiency reduces academic performance by 20%.,
Study shows that community solar programs reduce energy poverty in rural areas by 50%.,
Report finds that 50% of global fish stocks are over-exploited beyond sustainable levels.,
Scientists find that burnout costs the global economy $250 billion annually.,
New study shows that urban tree cover reduces summer mortality by 40%.,
Researchers find that ethnic diversity in management teams increases company revenue by 19%.,
Study shows that global diabetes cases have quadrupled since 1980.,
Report reveals 40% of workers in gig economy have no retirement savings.,
New economic analysis shows universal healthcare reduces bankruptcy rates by 60%.,
"Researchers find that loneliness among elderly increases annual healthcare costs by $7,000 per person.",
Study shows that digital banking exclusion leaves 1.4 billion adults without financial services.,
Global study reveals that renewable energy now employs more people than fossil fuels.,
New research finds that contact sports increase dementia risk by 60% in retired athletes.,
Researchers show that food labeling regulations reduce obesity rates by 15%.,
Study finds that access to legal aid reduces conviction rates for innocent defendants by 50%.,
Report shows that global antibiotic use in livestock exceeds human use by factor of 4.,
Scientists find that chronic stress alters gene expression in offspring for two generations.,
New global nutrition report shows ultra-processed food now accounts for 60% of caloric intake.,
Researchers find that corporate social responsibility pledges rarely translate to measurable action.,
Study shows that financial literacy education reduces household debt by 25%.,generated_images/event_827.jpg
Report reveals that 70% of global charitable donations fail to reach intended recipients.,
New analysis shows that natural disaster costs doubled in the last decade to $300 billion per year.,
Researchers find that legalizing cannabis reduces opioid overdose deaths by 20%.,
Study shows that surveillance capitalism reduces consumer trust in digital services by 45%.,
Report finds that 80% of global cobalt comes from mines using child labor.,
Scientists find that chronic noise pollution reduces children's reading scores by 10%.,
New study shows that public transit investment reduces car use more than road pricing.,
Researchers find that teacher-student ratio below 15:1 significantly improves outcomes.,
Study shows that urban food forests produce as much nutrition per acre as farms.,
Report reveals that ocean shipping accounts for 3% of global CO2 emissions.,
Scientists find that social prescribing reduces GP visits by 30%.,
New analysis shows that retraining programs close automation-related job gaps within 2 years.,
Researchers find that media literacy curriculum reduces susceptibility to misinformation.,
Study shows that community land trusts maintain housing affordability across generations.,
Report reveals that 1% of the world's population owns 46% of global wealth.,
Scientists find that sleep deprivation costs the US economy $411 billion annually.,
New study shows that prison education programs reduce recidivism rates by 43%.,
Researchers find that proximity to highways increases autism risk in children by 25%.,
Study shows that meat consumption per capita in high-income countries fell 12% since 2015.,
Report finds that global maternal depression affects 1 in 5 new mothers worldwide.,
Scientists find that green architecture reduces occupant sick days by 30%.,